country,format,revenue_2020_usd_bn,revenue_2025_usd_bn,cagr_pct,growth_rank_in_country,pct_of_country_revenue,data_quality
Brazil,OTT video,1.2,3.5,23.9,1,14.0,Estimated
Brazil,Live events,0.3,0.8,21.7,2,3.2,Estimated
Brazil,Theatrical,0.2,0.4,14.9,3,1.6,Estimated
Brazil,Digital advertising,4.5,8.0,12.2,4,31.9,Estimated
Brazil,Recorded music,0.35,0.55,9.5,5,2.2,Estimated
Brazil,Gaming,2.4,2.8,3.1,6,11.2,Reported
Brazil,TV (linear),9.5,9.0,-1.1,7,35.9,Estimated
India,OTT video,0.6,2.2,29.7,1,6.6,Reported
India,Digital advertising,3.5,11.6,27.1,2,34.9,Derived
India,Live events,0.5,1.55,25.4,3,4.7,Reported
India,Theatrical,0.5,1.5,24.6,4,4.5,Reported
India,Recorded music,0.15,0.3,14.9,5,0.9,Estimated
India,Gaming,0.9,1.5,10.8,6,4.5,Reported
India,TV (linear),10.5,14.6,6.8,7,43.9,Derived
Japan,OTT video,2.5,6.0,19.1,1,7.8,Estimated
Japan,Digital advertising,15.0,25.0,10.8,2,32.5,Estimated
Japan,Live events,0.9,1.5,10.8,3,2.0,Estimated
Japan,Theatrical,1.4,1.8,5.2,4,2.3,Reported
Japan,Recorded music,2.8,3.0,1.4,5,3.9,Estimated
Japan,Gaming,16.6,17.6,1.2,6,22.9,Reported
Japan,TV (linear),26.0,22.0,-3.3,7,28.6,Estimated
South Korea,OTT video,1.0,2.5,20.1,1,9.3,Estimated
South Korea,Live events,0.3,0.6,14.9,2,2.2,Estimated
South Korea,Theatrical,0.4,0.7,11.8,3,2.6,Reported
South Korea,Digital advertising,5.0,8.0,9.9,4,29.6,Estimated
South Korea,Gaming,7.1,8.3,3.2,5,30.7,Reported
South Korea,Recorded music,1.0,0.9,-2.1,6,3.3,Estimated
South Korea,TV (linear),7.0,6.0,-3.0,7,22.2,Estimated
United Kingdom,Theatrical,0.5,1.5,24.6,1,2.4,Reported
United Kingdom,Live events,1.0,2.5,20.1,2,4.1,Estimated
United Kingdom,OTT video,3.0,7.0,18.5,3,11.3,Estimated
United Kingdom,Digital advertising,18.0,30.0,10.8,4,48.6,Estimated
United Kingdom,Recorded music,1.5,1.9,4.8,5,3.1,Estimated
United Kingdom,Gaming,6.3,6.8,1.5,6,11.0,Reported
United Kingdom,TV (linear),14.0,12.0,-3.0,7,19.4,Estimated
United States,Theatrical,2.3,8.9,31.1,1,1.4,Reported
United States,Live events,5.0,12.6,20.3,2,2.0,Reported
United States,OTT video,60.0,113.3,13.6,3,18.1,Reported
United States,Digital advertising,190.0,295.0,9.2,4,47.1,Derived
United States,Recorded music,10.5,12.3,3.2,5,2.0,Reported
United States,Gaming,45.0,49.6,2.0,6,7.9,Reported
United States,TV (linear),150.0,135.0,-2.1,7,21.5,Estimated
