country,time_format,revenue_format,mins_2020,mins_2025,time_delta_mins,rev_2020_usd_bn,rev_2025_usd_bn,revenue_delta_usd_bn,quadrant
Brazil,Gaming,Gaming,50.0,55.0,5.0,2.4,2.8,0.4,DOUBLE GROWTH
Brazil,Music & audio,Recorded music,55.0,70.0,15.0,0.35,0.55,0.2,DOUBLE GROWTH
Brazil,Streaming video,OTT video,45.0,80.0,35.0,1.2,3.5,2.3,DOUBLE GROWTH
India,Gaming,Gaming,60.0,75.0,15.0,0.9,1.5,0.6,DOUBLE GROWTH
India,Music & audio,Recorded music,35.0,45.0,10.0,0.15,0.3,0.15,DOUBLE GROWTH
India,Streaming video,OTT video,42.0,70.0,28.0,0.6,2.2,1.6,DOUBLE GROWTH
Japan,Gaming,Gaming,55.0,60.0,5.0,16.6,17.6,1.0,DOUBLE GROWTH
Japan,Music & audio,Recorded music,35.0,40.0,5.0,2.8,3.0,0.2,DOUBLE GROWTH
Japan,Streaming video,OTT video,30.0,50.0,20.0,2.5,6.0,3.5,DOUBLE GROWTH
South Korea,Gaming,Gaming,80.0,90.0,10.0,7.1,8.3,1.2,DOUBLE GROWTH
South Korea,Streaming video,OTT video,35.0,55.0,20.0,1.0,2.5,1.5,DOUBLE GROWTH
United Kingdom,Music & audio,Recorded music,50.0,55.0,5.0,1.5,1.9,0.4,DOUBLE GROWTH
United Kingdom,Streaming video,OTT video,65.0,152.0,87.0,3.0,7.0,4.0,DOUBLE GROWTH
United States,Music & audio,Recorded music,55.0,60.0,5.0,10.5,12.3,1.8,DOUBLE GROWTH
United States,Streaming video,OTT video,75.0,118.0,43.0,60.0,113.3,53.3,DOUBLE GROWTH
Brazil,TV (linear),TV (linear),230.0,210.0,-20.0,9.5,9.0,-0.5,double decline
India,TV (linear),TV (linear),78.0,65.0,-13.0,10.5,14.6,4.1,"attention falling, money rising"
Japan,TV (linear),TV (linear),235.0,217.0,-18.0,26.0,22.0,-4.0,double decline
South Korea,Music & audio,Recorded music,45.0,50.0,5.0,1.0,0.9,-0.1,"attention rising, money falling"
South Korea,TV (linear),TV (linear),215.0,199.0,-16.0,7.0,6.0,-1.0,double decline
United Kingdom,Gaming,Gaming,65.0,55.0,-10.0,6.3,6.8,0.5,"attention falling, money rising"
United Kingdom,TV (linear),TV (linear),192.0,111.0,-81.0,14.0,12.0,-2.0,double decline
United States,Gaming,Gaming,75.0,60.0,-15.0,45.0,49.6,4.6,"attention falling, money rising"
United States,TV (linear),TV (linear),130.0,104.0,-26.0,150.0,135.0,-15.0,double decline
