source_id,name,publisher,date,url,what_to_pull
S1,"Ofcom, Media Nations UK 2025 & 2026",Ofcom,Jul-2025 / Jul-2026,https://www.ofcom.org.uk/siteassets/resources/documents/research-and-data/multi-sector/media-nations/2026/media-nations-2026-uk-report.pdf,UK: 4h23m daily in-home video (2025); linear 1h51m (-12%); BVoD 28 min; VSP/YouTube 51 min
S2,"Nielsen, The Gauge (US)",Nielsen,2025,https://www.nielsen.com/data-center/the-gauge/,US: 3.7h daily TV time; streaming share 47.3% (Jul-2025); first time streaming > broadcast+cable
S3,"eMarketer, Asia-Pacific Time Spent With Media 2025",eMarketer,Jul-2025,https://www.emarketer.com/content/asia-pacific-time-spent-with-media-2025,Japan TV 3h37m/day; South Korea TV 3h19m/day; digital video below TV in both
S4,"DataReportal / We Are Social / Meltwater, Digital 2025",DataReportal,Feb-2025,https://datareportal.com/reports/digital-2025-global-overview-report,"Daily internet & social media time by country; social: Brazil 3h49m, US 2h16m, UK 1h37m, Japan ~50m, Korea ~70m"
S5,"EY-FICCI, Stories, Scale and Impact (India M&E 2026)",FICCI-EY,Mar-2026,https://www.ey.com/en_in/insights/media-entertainment/stories-scale-and-impact-unlocking-india-s-m-e-economy,India M&E INR 2.78tn in 2025 (+9%); digital ad INR 947bn (63% of ad spend); live events +44%; CTV ad INR 99bn (+42%)
S6,"Newzoo, Global Games Market Report 2025",Newzoo,Sep-2025,https://newzoo.com/resources/blog/global-games-market-to-hit-189-billion-in-2025,Global games $188.8bn (+3.4%); China $49.8bn; US $49.6bn; Japan $17.6bn; Korea $8.3bn; UK $6.8bn; Brazil $2.8bn
S7,"Niko Partners, India games market",Niko Partners,Aug-2026,https://nikopartners.com/indias-gaming-market-surpasses-1-billion-for-the-first-time-driven-by-mobile-growth-and-changing-player-behavior/,"India games >$1bn for first time ($1.04bn, +14.8%); 511m players; ARPU $2.04"
S8,"Lumikai, State of India Interactive Media 2025",Lumikai,Mar-2026,https://respawn.outlookindia.com/gaming/gaming-news/lumikai-india-gaming-market-1-5-billion-rmg-ban-2025,India video games (ex-RMG) $1.5bn (+17%); gamer base 609m -> 555m (-9%); payer conversion 25%
S9,"IFPI, Global Music Report 2026",IFPI,Mar-2026,https://www.musicbusinessworldwide.com/global-recorded-music-revenues-hit-31-7bn-in-2025-up-6-4-yoy-users-of-paid-music-subscriptions-reach-837m/,"Global recorded music $31.7bn (+6.4%); US 38.7% share; ranks: US, Japan, UK, China, Germany, France, Korea, Brazil"
S10,"Gower Street Analytics / Comscore / FDA, worldwide box office 2025",Gower Street,Jan-Apr 2026,https://filmdistributorsassociation.com/the-industry/databank/worldwide-box-office/top-10-territories/,Global box office $33.55bn (+12%); US $8.9bn; China $7.4bn; Japan $1.8bn (record); India $1.5bn; UK&I $1.5bn; Korea $0.7bn
S11,"PwC, Global Entertainment & Media Outlook (2025-29, 2026-30)",PwC,Jul-2025 / Aug-2026,https://www.pwc.com/us/en/industries/tmt/library/global-entertainment-media-outlook.html,Global E&M $2.9tn (2024) -> $3.5tn (2029) -> $4.2tn (2030); US OTT video $113.3bn (2025); US internet ad $419.7bn by 2030
S12,"PwC, India Entertainment & Media Outlook 2026-30",PwC India,Aug-2026,https://www.pwc.in/pwc-global-entertainment-and-media-outlook-2026-2030-india-perspective.html,India E&M $25.7bn (2025) -> $36.7bn (2030); India OTT $2.2bn; 216.5m OTT subs; ARPU only $7.3/sub/year
S13,"Media Partners Asia, screen economy by country",MPA via exchange4media,Oct-2026,https://www.exchange4media.com/digital-news/india-has-the-audience-but-is-the-monetisation-catching-up-158860.html,"Per capita screen economy: US $889, Japan $283, Korea $253, China $63, India $8.4. India content investment ~$5bn"
S14,"Redseer, India advertising report",Redseer,Apr-2026,https://www.bwmarketingworld.com/article/india-holds-1-of-global-ad-spend-emerges-as-fastest-growing-market-redseer-602769,"India digital ad spend ~$8 per capita vs US ~$1,000 and China ~$120; India ~1% of global ad spend"
S15,Pollstar 2025 Year-End + live music market estimates,Pollstar,Dec-2025,https://news.pollstar.com/2025/12/23/year-end-business-analysis-a-return-to-earth-2025-grosses-ticket-sales-drop-averages-increase-beyonce-oasis-coldplay-have-top-tours-venues-stadiums-rock/,Top 100 touring artists averaged $2.5m per show (+9.2%); stadium average gross $7.11m; US live music ~$12.6bn
S16,"Ormax / Economic Times, India OTT audience",Ormax,2025,https://brandequity.economictimes.indiatimes.com/,India 601m OTT users; 148m paid subscriptions; CTV 129.2m users (+87%); OTT watch time ~70 min/day
S17,"Axis My India, Consumer Sentiment Index (media time)",Axis My India,2023-2025,https://brandequity.economictimes.indiatimes.com/news/research/consumers-spent-59-more-time-on-digital-as-compared-to-tv-axis-my-india-survey/91936004,"India self-reported: TV ~65 min/day, digital ~105 min/day (note: differs from meter-based measurement)"
S18,"World Bank / IMF, GDP per capita 2025",World Bank,2025,https://data.worldbank.org/indicator/NY.GDP.PCAP.CD,"India $2,703; China $13,862; Japan $35,951; US $90,027"
S19,"IBEF, Media & Entertainment India",IBEF,Jul-2025,https://www.ibef.org/industry/media-entertainment-india,"India: 1,900+ films in 2025; ~200,000 hours of content; short-form video 55-60 min/day"
S20,"The Drum, global media consumption study",The Drum,Mar-2026,https://www.thedrum.com/news/despite-predicted-downturn-global-media-consumption-grew-yet-again-in-2025,"Global average 8.24 hours of media/day; Japan >13h; US, UK, South Korea >11h"
